{
  "project_info": {
    "project_number": "475512399448",
    "project_id": "tfghairdatemedac",
    "storage_bucket": "tfghairdatemedac.appspot.com"
  },
  "client": [
    {
      "client_info": {
        "mobilesdk_app_id": "1:475512399448:android:7426c8fd5ea1394eb68c2d",
        "android_client_info": {
          "package_name": "com.example.hairdate"
        }
      },
      "oauth_client": [
        {
          "client_id": "475512399448-iqe7ia4scu1qni8dvu0ilfca50vjc3u7.apps.googleusercontent.com",
          "client_type": 3
        }
      ],
      "api_key": [
        {
          "current_key": "AIzaSyCiNO6XLU9MbOiiM6R4vU4NDn2j0jj13OM"
        }
      ],
      "services": {
        "appinvite_service": {
          "other_platform_oauth_client": [
            {
              "client_id": "475512399448-iqe7ia4scu1qni8dvu0ilfca50vjc3u7.apps.googleusercontent.com",
              "client_type": 3
            }
          ]
        }
      }
    }
  ],
  "configuration_version": "1"
}